,repetitions,num_vms,direction,interface,size,vnf,system,repetition,pps
0,3,1,rx,vpp,1024,ids,uk,2,323467.458432
1,3,1,rx,vpp,1024,ids,uk,2,323510.475217
2,3,1,rx,vpp,1024,ids,uk,2,323473.008558
3,3,1,rx,vpp,1024,ids,uk,2,323431.528279
4,3,1,rx,vpp,1024,ids,uk,2,323099.554489
5,3,1,rx,vpp,1024,ids,uk,2,323377.787893
6,3,1,rx,vpp,1024,ids,uk,2,323510.900643
7,3,1,rx,vpp,1024,ids,uk,2,323423.176521
8,3,1,rx,vpp,1024,ids,uk,2,323401.904051
9,3,1,rx,vpp,1024,ids,uk,2,323287.033238
