,repetitions,num_vms,direction,interface,size,vnf,system,repetition,pps
0,3,1,rx,vpp,1024,empty,uk,2,834472.1202
1,3,1,rx,vpp,1024,empty,uk,2,836050.200803
2,3,1,rx,vpp,1024,empty,uk,2,834777.108434
3,3,1,rx,vpp,1024,empty,uk,2,836046.581518
4,3,1,rx,vpp,1024,empty,uk,2,835692.821369
5,3,1,rx,vpp,1024,empty,uk,2,835856.140351
6,3,1,rx,vpp,1024,empty,uk,2,835048.621554
7,3,1,rx,vpp,1024,empty,uk,2,835988.229401
8,3,1,rx,vpp,1024,empty,uk,2,836031.077694
9,3,1,rx,vpp,1024,empty,uk,2,835746.238716
10,3,1,rx,vpp,1024,empty,uk,2,835917.334669
11,3,1,rx,vpp,1024,empty,uk,2,836683.20802
12,3,1,rx,vpp,1024,empty,uk,2,836341.432866
13,3,1,rx,vpp,1024,empty,uk,2,836353.496503
14,3,1,rx,vpp,1024,empty,uk,2,836289.201878
15,3,1,rx,vpp,1024,empty,uk,2,836800.0
16,3,1,rx,vpp,1024,empty,uk,2,836438.022051
17,3,1,rx,vpp,1024,empty,uk,2,836947.259566
18,3,1,rx,vpp,1024,empty,uk,2,836301.369863
19,3,1,rx,vpp,1024,empty,uk,2,836146.940822
20,3,1,rx,vpp,1024,empty,uk,2,836911.823647
21,3,1,rx,vpp,1024,empty,uk,2,836577.065767
22,3,1,rx,vpp,1024,empty,uk,2,836380.928854
23,3,1,rx,vpp,1024,empty,uk,2,835992.48497
24,3,1,rx,vpp,1024,empty,uk,2,837530.905446
