,repetitions,num_vms,direction,interface,size,vnf,system,repetition,pps
0,3,1,rx,vpp,256,ids,uk,0,418353.226295
1,3,1,rx,vpp,256,ids,uk,0,418458.140878
2,3,1,rx,vpp,256,ids,uk,0,418631.045752
3,3,1,rx,vpp,256,ids,uk,0,418472.516741
4,3,1,rx,vpp,256,ids,uk,0,418457.639135
5,3,1,rx,vpp,256,ids,uk,0,418203.023758
6,3,1,rx,vpp,256,ids,uk,0,418272.375048
7,3,1,rx,vpp,256,ids,uk,0,418313.063947
8,3,1,rx,vpp,256,ids,uk,0,418437.847074
9,3,1,rx,vpp,256,ids,uk,0,418231.490872
