,repetitions,num_vms,direction,interface,size,vnf,system,repetition,pps
0,3,1,rx,vpp,256,ids,uk,2,421822.722196
1,3,1,rx,vpp,256,ids,uk,2,421252.650177
2,3,1,rx,vpp,256,ids,uk,2,420559.910086
3,3,1,rx,vpp,256,ids,uk,2,420858.500346
4,3,1,rx,vpp,256,ids,uk,2,421118.865376
5,3,1,rx,vpp,256,ids,uk,2,420937.984496
6,3,1,rx,vpp,256,ids,uk,2,420794.915616
7,3,1,rx,vpp,256,ids,uk,2,421289.994347
8,3,1,rx,vpp,256,ids,uk,2,421140.215403
