,repetitions,num_vms,direction,interface,size,vnf,system,repetition,pps
0,3,1,rx,vpp,256,ids,uk,1,419992.670055
1,3,1,rx,vpp,256,ids,uk,1,420374.007061
2,3,1,rx,vpp,256,ids,uk,1,420074.074074
3,3,1,rx,vpp,256,ids,uk,1,419552.061495
4,3,1,rx,vpp,256,ids,uk,1,419850.597945
5,3,1,rx,vpp,256,ids,uk,1,419973.346496
6,3,1,rx,vpp,256,ids,uk,1,420075.324675
7,3,1,rx,vpp,256,ids,uk,1,419632.265276
8,3,1,rx,vpp,256,ids,uk,1,420264.650873
