,repetitions,num_vms,direction,interface,size,vnf,system,repetition,pps
0,3,1,rx,vpp,1024,empty,uk,1,834690.714763
1,3,1,rx,vpp,1024,empty,uk,1,834829.382304
2,3,1,rx,vpp,1024,empty,uk,1,835494.464945
3,3,1,rx,vpp,1024,empty,uk,1,834806.178742
4,3,1,rx,vpp,1024,empty,uk,1,835560.788243
5,3,1,rx,vpp,1024,empty,uk,1,835327.8798
6,3,1,rx,vpp,1024,empty,uk,1,834282.56513
7,3,1,rx,vpp,1024,empty,uk,1,835425.702811
8,3,1,rx,vpp,1024,empty,uk,1,832747.910398
9,3,1,rx,vpp,1024,empty,uk,1,834228.122912
10,3,1,rx,vpp,1024,empty,uk,1,833370.481928
11,3,1,rx,vpp,1024,empty,uk,1,835482.379863
12,3,1,rx,vpp,1024,empty,uk,1,836265.839321
13,3,1,rx,vpp,1024,empty,uk,1,837012.048193
14,3,1,rx,vpp,1024,empty,uk,1,836083.584086
15,3,1,rx,vpp,1024,empty,uk,1,834994.984955
16,3,1,rx,vpp,1024,empty,uk,1,836022.286422
17,3,1,rx,vpp,1024,empty,uk,1,834371.030209
18,3,1,rx,vpp,1024,empty,uk,1,835646.882044
19,3,1,rx,vpp,1024,empty,uk,1,835009.209889
20,3,1,rx,vpp,1024,empty,uk,1,834955.447268
21,3,1,rx,vpp,1024,empty,uk,1,835022.439024
22,3,1,rx,vpp,1024,empty,uk,1,836331.830704
23,3,1,rx,vpp,1024,empty,uk,1,836306.766917
24,3,1,rx,vpp,1024,empty,uk,1,837039.889959
25,3,1,rx,vpp,1024,empty,uk,1,837220.00712
