,repetitions,num_vms,direction,interface,size,vnf,system,repetition,pps
0,3,1,rx,vpp,256,ids,uk,2,596576.42487
1,3,1,rx,vpp,256,ids,uk,2,597120.606827
2,3,1,rx,vpp,256,ids,uk,2,597227.732306
3,3,1,rx,vpp,256,ids,uk,2,596744.876672
4,3,1,rx,vpp,256,ids,uk,2,596799.129015
5,3,1,rx,vpp,256,ids,uk,2,596528.430087
6,3,1,rx,vpp,256,ids,uk,2,596905.447714
7,3,1,rx,vpp,256,ids,uk,2,596364.700429
8,3,1,rx,vpp,256,ids,uk,2,595591.00958
