,repetitions,num_vms,direction,interface,size,vnf,system,repetition,pps
0,3,1,rx,vpp,1024,mirror,uk,0,976108.361204
1,3,1,rx,vpp,1024,mirror,uk,0,973620.148961
2,3,1,rx,vpp,1024,mirror,uk,0,973132.45578
3,3,1,rx,vpp,1024,mirror,uk,0,969858.862876
4,3,1,rx,vpp,1024,mirror,uk,0,972345.819398
5,3,1,rx,vpp,1024,mirror,uk,0,973900.254669
6,3,1,rx,vpp,1024,mirror,uk,0,973899.390244
7,3,1,rx,vpp,1024,mirror,uk,0,974474.916388
8,3,1,rx,vpp,1024,mirror,uk,0,975508.361204
9,3,1,rx,vpp,1024,mirror,uk,0,969823.293173
10,3,1,rx,vpp,1024,mirror,uk,0,975531.712209
11,3,1,rx,vpp,1024,mirror,uk,0,973252.508361
12,3,1,rx,vpp,1024,mirror,uk,0,973983.036472
13,3,1,rx,vpp,1024,mirror,uk,0,975902.274124
14,3,1,rx,vpp,1024,mirror,uk,0,973920.735786
15,3,1,rx,vpp,1024,mirror,uk,0,968380.936455
16,3,1,rx,vpp,1024,mirror,uk,0,973759.966073
17,3,1,rx,vpp,1024,mirror,uk,0,969408.251232
18,3,1,rx,vpp,1024,mirror,uk,0,973517.172224
19,3,1,rx,vpp,1024,mirror,uk,0,976433.255269
20,3,1,rx,vpp,1024,mirror,uk,0,974001.609442
21,3,1,rx,vpp,1024,mirror,uk,0,981106.654082
22,3,1,rx,vpp,1024,mirror,uk,0,978518.890003
