,repetitions,num_vms,direction,interface,size,vnf,system,repetition,pps
0,3,1,rx,vpp,64,nat,uk,0,1631808.46275
1,3,1,rx,vpp,64,nat,uk,0,1633080.07812
2,3,1,rx,vpp,64,nat,uk,0,1625329.29904
3,3,1,rx,vpp,64,nat,uk,0,1624840.46301
4,3,1,rx,vpp,64,nat,uk,0,1620302.06757
5,3,1,rx,vpp,64,nat,uk,0,1621590.84046
6,3,1,rx,vpp,64,nat,uk,0,1620451.68067
7,3,1,rx,vpp,64,nat,uk,0,1613552.20418
8,3,1,rx,vpp,64,nat,uk,0,1613305.45305
9,3,1,rx,vpp,64,nat,uk,0,1608187.20379
10,3,1,rx,vpp,64,nat,uk,0,1606835.4303
11,3,1,rx,vpp,64,nat,uk,0,1608166.49849
12,3,1,rx,vpp,64,nat,uk,0,1601665.32905
13,3,1,rx,vpp,64,nat,uk,0,1600136.5
14,3,1,rx,vpp,64,nat,uk,0,1600605.76601
15,3,1,rx,vpp,64,nat,uk,0,1602161.56548
16,3,1,rx,vpp,64,nat,uk,0,1598674.91166
17,3,1,rx,vpp,64,nat,uk,0,1602381.3797
18,3,1,rx,vpp,64,nat,uk,0,1603094.43431
19,3,1,rx,vpp,64,nat,uk,0,1603693.59705
20,3,1,rx,vpp,64,nat,uk,0,1599340.26148
21,3,1,rx,vpp,64,nat,uk,0,1598460.76459
22,3,1,rx,vpp,64,nat,uk,0,1599803.72421
23,3,1,rx,vpp,64,nat,uk,0,1596594.86663
24,3,1,rx,vpp,64,nat,uk,0,1598520.12072
25,3,1,rx,vpp,64,nat,uk,0,1598614.94253
