,repetitions,num_vms,direction,interface,size,vnf,system,repetition,pps
0,3,1,rx,vpp,256,ids,uk,1,590774.269235
1,3,1,rx,vpp,256,ids,uk,1,591321.478382
2,3,1,rx,vpp,256,ids,uk,1,590567.604294
3,3,1,rx,vpp,256,ids,uk,1,590768.645358
4,3,1,rx,vpp,256,ids,uk,1,590901.434399
5,3,1,rx,vpp,256,ids,uk,1,590664.713269
6,3,1,rx,vpp,256,ids,uk,1,590879.305945
7,3,1,rx,vpp,256,ids,uk,1,590221.498371
8,3,1,rx,vpp,256,ids,uk,1,591579.103739
