,repetitions,num_vms,direction,interface,size,vnf,system,repetition,pps
0,3,1,rx,vpp,1024,ids,uk,1,322172.30444
1,3,1,rx,vpp,1024,ids,uk,1,322544.137022
2,3,1,rx,vpp,1024,ids,uk,1,322283.848418
3,3,1,rx,vpp,1024,ids,uk,1,322662.286191
4,3,1,rx,vpp,1024,ids,uk,1,321971.13164
5,3,1,rx,vpp,1024,ids,uk,1,322230.234406
6,3,1,rx,vpp,1024,ids,uk,1,323178.167877
7,3,1,rx,vpp,1024,ids,uk,1,322416.192643
8,3,1,rx,vpp,1024,ids,uk,1,321973.500106
9,3,1,rx,vpp,1024,ids,uk,1,322257.88901
