,repetitions,num_vms,direction,interface,size,vnf,system,repetition,pps
0,3,1,rx,vpp,1024,ids,uk,2,322512.655135
1,3,1,rx,vpp,1024,ids,uk,2,321855.052265
2,3,1,rx,vpp,1024,ids,uk,2,322496.325985
3,3,1,rx,vpp,1024,ids,uk,2,321828.0
4,3,1,rx,vpp,1024,ids,uk,2,322081.183932
5,3,1,rx,vpp,1024,ids,uk,2,322457.794677
6,3,1,rx,vpp,1024,ids,uk,2,322829.778672
7,3,1,rx,vpp,1024,ids,uk,2,322835.238933
