,repetitions,num_vms,direction,interface,size,vnf,system,repetition,pps
0,3,1,rx,vpp,1518,ids,uk,1,231210.474888
1,3,1,rx,vpp,1518,ids,uk,1,230612.772241
2,3,1,rx,vpp,1518,ids,uk,1,231001.19649
3,3,1,rx,vpp,1518,ids,uk,1,230930.336168
4,3,1,rx,vpp,1518,ids,uk,1,230699.948467
5,3,1,rx,vpp,1518,ids,uk,1,230874.047293
6,3,1,rx,vpp,1518,ids,uk,1,230291.959799
7,3,1,rx,vpp,1518,ids,uk,1,230859.847106
