,repetitions,num_vms,direction,interface,size,vnf,system,repetition,pps
0,3,1,rx,vpp,1024,ids,uk,0,319618.079449
1,3,1,rx,vpp,1024,ids,uk,0,319547.400612
2,3,1,rx,vpp,1024,ids,uk,0,319625.961104
3,3,1,rx,vpp,1024,ids,uk,0,317893.655049
4,3,1,rx,vpp,1024,ids,uk,0,319517.60256
5,3,1,rx,vpp,1024,ids,uk,0,319614.372794
6,3,1,rx,vpp,1024,ids,uk,0,319009.138198
7,3,1,rx,vpp,1024,ids,uk,0,319860.271116
8,3,1,rx,vpp,1024,ids,uk,0,319328.981368
